proj,bid,tool,pid,genuine
Closure,8,developer,,True
Closure,10,developer,,True
Closure,12,developer,,True
Closure,17,developer,,True
Closure,21,developer,,True
Closure,31,developer,,True
Closure,33,developer,,True
Closure,48,developer,,True
Closure,52,developer,,True
Closure,59,developer,,True
Closure,60,developer,,True
Closure,61,developer,,True
Closure,62,developer,,True
Closure,64,developer,,True
Closure,65,developer,,True
Closure,66,developer,,True
Closure,68,developer,,True
Closure,73,developer,,True
Closure,74,developer,,True
Closure,75,developer,,True
Closure,76,developer,,True
Closure,80,developer,,True
Closure,82,developer,,True
Closure,85,developer,,True
Closure,91,developer,,True
Closure,92,developer,,True
Closure,99,developer,,True
Closure,104,developer,,True
Closure,107,developer,,True
Closure,113,developer,,True
Closure,114,developer,,True
Closure,115,developer,,True
Closure,120,developer,,True
Closure,121,developer,,True
Closure,125,developer,,True
Closure,128,developer,,True
Closure,131,developer,,True
Closure,133,developer,,True
Lang,4,developer,,True
Lang,6,developer,,True
Lang,13,developer,,True
Lang,46,developer,,True
Lang,51,developer,,True
Lang,53,developer,,True
Math,2,developer,,True
Math,10,developer,,True
Math,15,developer,,True
Math,23,developer,,True
Math,24,developer,,True
Math,26,developer,,True
Math,28,developer,,True
Math,42,developer,,True
Math,45,developer,,True
Math,46,developer,,True
Math,48,developer,,True
Math,50,developer,,True
Math,53,developer,,True
Math,60,developer,,True
Math,64,developer,,True
Math,75,developer,,True
Math,87,developer,,True
Math,88,developer,,True
Math,89,developer,,True
Math,94,developer,,True
Time,7,developer,,True
Time,11,developer,,True
Time,16,developer,,True
Mockito,8,developer,,True
Mockito,11,developer,,True
Mockito,12,developer,,True
Mockito,22,developer,,True
Mockito,38,developer,,True
Codec,3,developer,,True
Codec,4,developer,,True
Codec,6,developer,,True
Compress,6,developer,,True
Jsoup,26,developer,,True
Jsoup,43,developer,,True
Jsoup,57,developer,,True
Jsoup,79,developer,,True
Jsoup,88,developer,,True
Compress,1,developer,,True
Compress,3,developer,,True
Closure,170,developer,,True
Time,5,developer,,True
Time,15,developer,,True
Cli,29,developer,,True
Closure,27,developer,,True
Codec,10,developer,,True
Codec,18,developer,,True
Compress,26,developer,,True
Compress,39,developer,,True
Compress,44,developer,,True
Compress,7,developer,,True
Compress,8,developer,,True
Gson,15,developer,,True
JacksonCore,14,developer,,True
JacksonCore,4,developer,,True
JacksonCore,5,developer,,True
JacksonCore,6,developer,,True
JacksonCore,8,developer,,True
Jsoup,27,developer,,True
Jsoup,4,developer,,True
Jsoup,85,developer,,True
Jsoup,9,developer,,True
Lang,14,developer,,True
Lang,19,developer,,True
Lang,21,developer,,True
Lang,22,developer,,True
Lang,26,developer,,True
Lang,28,developer,,True
Lang,31,developer,,True
Lang,40,developer,,True
Lang,43,developer,,True
Lang,44,developer,,True
Lang,45,developer,,True
Lang,47,developer,,True
Lang,49,developer,,True
Lang,52,developer,,True
Lang,54,developer,,True
Lang,55,developer,,True
Lang,57,developer,,True
Lang,60,developer,,True
Lang,61,developer,,True
Lang,64,developer,,True
Math,101,developer,,True
Math,103,developer,,True
Math,104,developer,,True
Math,105,developer,,True
Math,106,developer,,True
Math,17,developer,,True
Math,25,developer,,True
Math,3,developer,,True
Math,35,developer,,True
Math,54,developer,,True
Math,55,developer,,True
Math,63,developer,,True
Math,70,developer,,True
Math,79,developer,,True
Math,92,developer,,True
Math,93,developer,,True
Math,96,developer,,True
Math,97,developer,,True
Closure,8,Arja,patch1,False
Closure,8,Kali,patch1,False
Closure,10,Arja,patch1,False
Closure,10,GenProg,patch1,False
Closure,10,Kali,patch1,False
Closure,10,RSRepair,patch1,False
Closure,12,AVATAR,patch1,False
Closure,12,Kali,patch1,False
Closure,12,TBar,patch1,False
Closure,21,Arja,patch1,False
Closure,21,AVATAR,patch1,False
Closure,21,GenProg,patch1,False
Closure,21,jGenProg,patch1,False
Closure,21,jKali,patch1,False
Closure,21,jMutRepair,patch1,False
Closure,21,Kali,patch1,False
Closure,21,RSRepair,patch1,False
Closure,21,SimFix,patch1,False
Closure,21,TBar,patch1,False
Closure,30,Kali,patch1,False
Closure,31,Kali,patch1,False
Closure,31,RSRepair,patch1,False
Closure,33,Arja,patch1,False
Closure,33,Kali,patch1,False
Closure,33,RSRepair,patch1,False
Closure,48,AVATAR,patch1,False
Closure,59,Arja,patch1,False
Closure,59,GenProg,patch1,False
Closure,59,Kali,patch1,False
Closure,59,RSRepair,patch1,False
Closure,61,Kali,patch1,False
Closure,61,RSRepair,patch1,False
Closure,62,Cardumen,patch1,False
Closure,62,jKali,patch1,False
Closure,62,kPAR,patch1,False
Closure,64,Kali,patch1,False
Closure,66,AVATAR,patch1,False
Closure,66,TBar,patch1,False
Closure,68,Arja,patch1,False
Closure,68,Kali,patch1,False
Closure,75,Arja,patch1,False
Closure,75,GenProg,patch1,False
Closure,75,Kali,patch1,False
Closure,75,RSRepair,patch1,False
Closure,76,Kali,patch1,False
Closure,107,SimFix,patch1,False
Closure,107,TBar,patch1,False
Closure,114,Arja,patch1,False
Closure,114,GenProg,patch1,False
Closure,114,Kali,patch1,False
Closure,114,RSRepair,patch1,False
Closure,115,kPAR,patch1,False
Closure,115,TBar,patch1,False
Closure,120,Arja,patch1,False
Closure,120,Kali,patch1,False
Closure,120,RSRepair,patch1,False
Closure,121,Arja,patch1,False
Closure,121,Kali,patch1,False
Closure,121,RSRepair,patch1,False
Closure,125,Arja,patch1,False
Closure,125,Kali,patch1,False
Closure,131,Kali,patch1,False
Closure,133,Arja,patch1,False
Closure,133,TBar,patch1,False
Lang,13,AVATAR,patch1,False
Lang,13,RSRepair,patch1,False
Lang,13,TBar,patch1,False
Lang,51,AVATAR,patch1,False
Lang,51,DynaMoth,patch1,False
Lang,51,kPAR,patch1,False
Lang,51,Nopol,patch1,False
Lang,51,TBar,patch1,False
Lang,53,kPAR,patch1,False
Lang,53,Nopol,patch1,False
Math,2,Arja,patch1,False
Math,2,AVATAR,patch1,False
Math,2,GenProg,patch1,False
Math,2,jKali,patch1,False
Math,2,jMutRepair,patch1,False
Math,2,Kali,patch1,False
Math,2,kPAR,patch1,False
Math,2,Nopol,patch1,False
Math,2,RSRepair,patch1,False
Math,2,TBar,patch1,False
Math,15,kPAR,patch1,False
Math,15,TBar,patch1,False
Math,28,ACS,patch1,False
Math,28,Arja,patch1,False
Math,28,GenProg,patch1,False
Math,28,jKali,patch1,False
Math,28,jMutRepair,patch1,False
Math,28,Kali,patch1,False
Math,28,RSRepair,patch1,False
Math,42,kPAR,patch1,False
Math,42,Nopol,patch1,False
Math,50,AVATAR,patch1,False
Math,50,FixMiner,patch1,False
Math,50,jGenProg,patch1,False
Math,50,jMutRepair,patch1,False
Math,50,kPAR,patch1,False
Math,50,SimFix,patch1,False
Math,50,TBar,patch1,False
Math,60,jGenProg,patch1,False
Math,87,Nopol,patch1,False
Math,88,AVATAR,patch1,False
Math,88,jMutRepair,patch1,False
Math,88,kPAR,patch1,False
Math,88,SimFix,patch1,False
Math,88,TBar,patch1,False
Time,11,DynaMoth,patch1,False
Time,11,FixMiner,patch1,False
JacksonCore,5,alphaRepair,0,False
JacksonCore,5,alphaRepair,1,False
JacksonCore,5,alphaRepair,10,False
JacksonCore,5,alphaRepair,12,False
JacksonCore,5,alphaRepair,13,False
JacksonCore,5,alphaRepair,14,False
JacksonCore,5,alphaRepair,18,False
JacksonCore,5,alphaRepair,2,False
JacksonCore,5,alphaRepair,28,False
JacksonCore,5,alphaRepair,36,False
JacksonCore,5,alphaRepair,4,False
JacksonCore,5,alphaRepair,6,False
JacksonCore,5,alphaRepair,8,False
JacksonCore,5,alphaRepair,9,False
JacksonCore,5,coconut,1,False
JacksonCore,5,coconut,11,False
JacksonCore,5,coconut,13,False
JacksonCore,5,coconut,14,False
JacksonCore,5,coconut,16,False
JacksonCore,5,coconut,18,False
JacksonCore,5,coconut,2,False
JacksonCore,5,coconut,20,False
JacksonCore,5,coconut,22,False
JacksonCore,5,coconut,23,False
JacksonCore,5,coconut,3,False
JacksonCore,5,coconut,4,False
JacksonCore,5,coconut,5,False
JacksonCore,5,coconut,58,False
JacksonCore,5,coconut,59,False
JacksonCore,5,coconut,60,False
JacksonCore,5,coconut,61,False
JacksonCore,5,coconut,62,False
JacksonCore,5,coconut,63,False
JacksonCore,5,coconut,64,False
JacksonCore,5,coconut,65,False
JacksonCore,5,coconut,66,False
JacksonCore,5,coconut,67,False
JacksonCore,5,coconut,68,False
JacksonCore,5,coconut,69,False
JacksonCore,5,coconut,70,False
JacksonCore,5,coconut,71,False
JacksonCore,5,coconut,72,False
JacksonCore,5,coconut,73,False
JacksonCore,5,coconut,74,False
JacksonCore,5,coconut,75,False
JacksonCore,5,coconut,94,False
JacksonCore,5,coconut,96,False
JacksonCore,5,coconut,97,False
JacksonCore,5,cure,1,False
JacksonCore,5,cure,2,False
JacksonCore,5,cure,20,False
JacksonCore,5,cure,3,False
JacksonCore,5,cure,41,False
JacksonCore,5,cure,43,False
JacksonCore,5,cure,45,False
JacksonCore,5,cure,54,False
JacksonCore,5,cure,55,False
JacksonCore,5,cure,56,False
JacksonCore,5,cure,6,False
JacksonCore,5,cure,7,False
JacksonCore,5,cure,75,False
JacksonCore,5,cure,77,False
JacksonCore,5,cure,78,False
JacksonCore,5,cure,8,False
JacksonCore,5,cure,83,False
JacksonCore,5,cure,86,False
JacksonCore,5,cure,99,False
JacksonCore,5,edits,34,False
JacksonCore,5,edits,6,False
JacksonCore,5,edits,8,False
JacksonCore,5,recoder,0,False
JacksonCore,5,recoder,2,False
JacksonCore,5,recoder,21,False
JacksonCore,5,recoder,23,False
JacksonCore,5,recoder,3,False
JacksonCore,5,recoder,30,False
JacksonCore,5,recoder,33,False
JacksonCore,5,recoder,34,False
JacksonCore,5,recoder,35,False
JacksonCore,5,recoder,36,False
JacksonCore,5,recoder,40,False
JacksonCore,5,recoder,45,False
JacksonCore,5,recoder,47,False
JacksonCore,5,recoder,52,False
JacksonCore,5,recoder,53,False
JacksonCore,5,recoder,54,False
JacksonCore,5,recoder,58,False
JacksonCore,5,recoder,6,False
JacksonCore,5,recoder,64,False
JacksonCore,5,rewardRepair,1,False
JacksonCore,5,rewardRepair,10,False
JacksonCore,5,rewardRepair,11,False
JacksonCore,5,rewardRepair,19,False
JacksonCore,5,rewardRepair,2,False
JacksonCore,5,rewardRepair,20,False
JacksonCore,5,rewardRepair,21,False
JacksonCore,5,rewardRepair,23,False
JacksonCore,5,rewardRepair,24,False
JacksonCore,5,rewardRepair,28,False
JacksonCore,5,rewardRepair,29,False
JacksonCore,5,rewardRepair,3,False
JacksonCore,5,rewardRepair,30,False
JacksonCore,5,rewardRepair,31,False
JacksonCore,5,rewardRepair,32,False
JacksonCore,5,rewardRepair,35,False
JacksonCore,5,rewardRepair,37,False
JacksonCore,5,rewardRepair,38,False
JacksonCore,5,rewardRepair,40,False
JacksonCore,5,rewardRepair,43,False
JacksonCore,5,rewardRepair,44,False
JacksonCore,5,rewardRepair,45,False
JacksonCore,5,rewardRepair,47,False
JacksonCore,5,rewardRepair,49,False
JacksonCore,5,rewardRepair,51,False
JacksonCore,5,rewardRepair,52,False
JacksonCore,5,rewardRepair,55,False
JacksonCore,5,rewardRepair,57,False
JacksonCore,5,rewardRepair,59,False
JacksonCore,5,rewardRepair,61,False
JacksonCore,5,rewardRepair,65,False
JacksonCore,5,rewardRepair,66,False
JacksonCore,5,rewardRepair,7,False
JacksonCore,5,rewardRepair,72,False
JacksonCore,5,rewardRepair,74,False
JacksonCore,5,rewardRepair,76,False
JacksonCore,5,rewardRepair,79,False
JacksonCore,5,rewardRepair,81,False
JacksonCore,5,rewardRepair,82,False
JacksonCore,5,rewardRepair,84,False
JacksonCore,5,rewardRepair,9,False
JacksonCore,5,selfapr,1,False
JacksonCore,5,selfapr,11,False
JacksonCore,5,selfapr,12,False
JacksonCore,5,selfapr,13,False
JacksonCore,5,selfapr,2,False
JacksonCore,5,selfapr,21,False
JacksonCore,5,selfapr,22,False
JacksonCore,5,selfapr,23,False
JacksonCore,5,selfapr,25,False
JacksonCore,5,selfapr,26,False
JacksonCore,5,selfapr,3,False
JacksonCore,5,selfapr,31,False
JacksonCore,5,selfapr,32,False
JacksonCore,5,selfapr,33,False
JacksonCore,5,selfapr,36,False
JacksonCore,5,selfapr,38,False
JacksonCore,5,selfapr,41,False
JacksonCore,5,selfapr,5,False
JacksonCore,5,selfapr,51,False
JacksonCore,5,selfapr,61,False
JacksonCore,5,selfapr,7,False
JacksonCore,5,selfapr,71,False
JacksonCore,5,selfapr,81,False
JacksonCore,5,selfapr,9,False
JacksonCore,5,selfapr,91,False
JacksonCore,5,sequencer,1,False
JacksonCore,5,sequencer,11,False
JacksonCore,5,sequencer,12,False
JacksonCore,5,sequencer,18,False
JacksonCore,5,sequencer,19,False
JacksonCore,5,sequencer,2,False
JacksonCore,5,sequencer,20,False
JacksonCore,5,sequencer,29,False
JacksonCore,5,sequencer,3,False
JacksonCore,5,sequencer,38,False
JacksonCore,5,sequencer,39,False
JacksonCore,5,sequencer,40,False
JacksonCore,5,sequencer,43,False
JacksonCore,5,sequencer,45,False
JacksonCore,5,sequencer,46,False
JacksonCore,5,sequencer,48,False
JacksonCore,5,sequencer,50,False
JacksonCore,5,sequencer,55,False
JacksonCore,5,sequencer,61,False
JacksonCore,5,sequencer,67,False
JacksonCore,5,sequencer,70,False
JacksonCore,5,sequencer,90,False
JacksonCore,5,sequencer,91,False
JacksonCore,5,simfix,10,False
JacksonCore,5,simfix,11,False
JacksonCore,5,simfix,13,False
JacksonCore,5,simfix,24,False
JacksonCore,5,simfix,30,False
JacksonCore,5,simfix,55,False
JacksonCore,5,simfix,6,False
JacksonCore,5,simfix,9,False
JacksonCore,5,tbar,0,False
JacksonCore,5,tbar,1,False
JacksonCore,5,tbar,2,False
JacksonCore,5,tbar,24,False
JacksonCore,5,tbar,25,False
JacksonCore,5,tbar,26,False
JacksonCore,5,tbar,29,False
JacksonCore,5,tbar,3,False
JacksonCore,5,tbar,30,False
JacksonCore,8,alphaRepair,0,False
JacksonCore,8,alphaRepair,10,False
JacksonCore,8,alphaRepair,15,False
JacksonCore,8,alphaRepair,22,False
JacksonCore,8,alphaRepair,23,False
JacksonCore,8,alphaRepair,26,False
JacksonCore,8,alphaRepair,27,False
JacksonCore,8,alphaRepair,3,False
JacksonCore,8,alphaRepair,31,False
JacksonCore,8,alphaRepair,32,False
JacksonCore,8,alphaRepair,35,False
JacksonCore,8,alphaRepair,36,False
JacksonCore,8,alphaRepair,37,False
JacksonCore,8,alphaRepair,41,False
JacksonCore,8,alphaRepair,47,False
JacksonCore,8,alphaRepair,50,False
JacksonCore,8,alphaRepair,52,False
JacksonCore,8,alphaRepair,55,False
JacksonCore,8,alphaRepair,59,False
JacksonCore,8,alphaRepair,6,False
JacksonCore,8,alphaRepair,61,False
JacksonCore,8,alphaRepair,69,False
JacksonCore,8,alphaRepair,7,False
JacksonCore,8,alphaRepair,74,False
JacksonCore,8,alphaRepair,75,False
JacksonCore,8,alphaRepair,80,False
JacksonCore,8,alphaRepair,81,False
JacksonCore,8,alphaRepair,84,False
JacksonCore,8,alphaRepair,9,False
JacksonCore,8,alphaRepair,94,False
JacksonCore,8,alphaRepair,98,False
JacksonCore,8,cure,12,False
JacksonCore,8,cure,16,False
JacksonCore,8,cure,18,False
JacksonCore,8,cure,55,False
JacksonCore,8,cure,74,False
JacksonCore,8,edits,124,False
JacksonCore,8,edits,38,False
JacksonCore,8,recoder,30,False
JacksonCore,8,recoder,5,False
JacksonCore,8,recoder,53,False
JacksonCore,8,recoder,6,False
JacksonCore,8,recoder,7,False
JacksonCore,8,recoder,8,False
JacksonCore,8,rewardRepair,1,False
JacksonCore,8,rewardRepair,14,False
JacksonCore,8,rewardRepair,16,False
JacksonCore,8,rewardRepair,2,False
JacksonCore,8,rewardRepair,28,False
JacksonCore,8,rewardRepair,3,False
JacksonCore,8,rewardRepair,33,False
JacksonCore,8,rewardRepair,35,False
JacksonCore,8,rewardRepair,36,False
JacksonCore,8,rewardRepair,38,False
JacksonCore,8,rewardRepair,4,False
JacksonCore,8,rewardRepair,44,False
JacksonCore,8,rewardRepair,45,False
JacksonCore,8,rewardRepair,49,False
JacksonCore,8,rewardRepair,51,False
JacksonCore,8,rewardRepair,59,False
JacksonCore,8,rewardRepair,6,False
JacksonCore,8,rewardRepair,61,False
JacksonCore,8,rewardRepair,65,False
JacksonCore,8,rewardRepair,72,False
JacksonCore,8,rewardRepair,73,False
JacksonCore,8,rewardRepair,75,False
JacksonCore,8,rewardRepair,8,False
JacksonCore,8,rewardRepair,84,False
JacksonCore,8,rewardRepair,87,False
JacksonCore,8,rewardRepair,89,False
JacksonCore,8,rewardRepair,9,False
JacksonCore,8,selfapr,1,False
JacksonCore,8,selfapr,11,False
JacksonCore,8,selfapr,12,False
JacksonCore,8,selfapr,13,False
JacksonCore,8,selfapr,14,False
JacksonCore,8,selfapr,15,False
JacksonCore,8,selfapr,16,False
JacksonCore,8,selfapr,17,False
JacksonCore,8,selfapr,18,False
JacksonCore,8,selfapr,2,False
JacksonCore,8,selfapr,21,False
JacksonCore,8,selfapr,22,False
JacksonCore,8,selfapr,23,False
JacksonCore,8,selfapr,27,False
JacksonCore,8,selfapr,28,False
JacksonCore,8,selfapr,3,False
JacksonCore,8,selfapr,31,False
JacksonCore,8,selfapr,32,False
JacksonCore,8,selfapr,34,False
JacksonCore,8,selfapr,4,False
JacksonCore,8,selfapr,41,False
JacksonCore,8,selfapr,42,False
JacksonCore,8,selfapr,43,False
JacksonCore,8,selfapr,44,False
JacksonCore,8,selfapr,46,False
JacksonCore,8,selfapr,5,False
JacksonCore,8,selfapr,50,False
JacksonCore,8,selfapr,51,False
JacksonCore,8,selfapr,52,False
JacksonCore,8,selfapr,53,False
JacksonCore,8,selfapr,54,False
JacksonCore,8,selfapr,56,False
JacksonCore,8,selfapr,6,False
JacksonCore,8,selfapr,61,False
JacksonCore,8,selfapr,63,False
JacksonCore,8,selfapr,64,False
JacksonCore,8,selfapr,66,False
JacksonCore,8,selfapr,71,False
JacksonCore,8,selfapr,75,False
JacksonCore,8,selfapr,77,False
JacksonCore,8,selfapr,82,False
JacksonCore,8,selfapr,85,False
JacksonCore,8,selfapr,91,False
JacksonCore,8,selfapr,96,False
JacksonCore,8,selfapr,97,False
JacksonCore,8,tbar,17,False
JacksonCore,8,tbar,18,False
JacksonCore,8,tbar,19,False
JacksonCore,8,tbar,22,False
JacksonCore,8,tbar,23,False
JacksonCore,8,tbar,24,False
JacksonCore,8,tbar,25,False
JacksonCore,8,tbar,26,False
JacksonCore,8,tbar,27,False
JacksonCore,8,tbar,28,False
JacksonCore,8,tbar,29,False
JacksonCore,8,tbar,30,False
JacksonCore,8,tbar,31,False
JacksonCore,8,tbar,5,False
Lang,21,kPAR,patch1,False
Lang,22,AVATAR,patch1,False
Lang,22,jKali,patch1,False
Lang,22,jMutRepair,patch1,False
Lang,22,TBar,patch1,False
Lang,43,kPAR,patch1,False
Lang,43,TBar,patch1,False
Lang,44,kPAR,patch1,False
Lang,44,Nopol,patch1,False
Lang,44,TBar,patch1,False
Lang,45,kPAR,patch1,False
Lang,45,SimFix,patch1,False
Lang,45,TBar,patch1,False
Lang,55,Nopol,patch1,False
Lang,57,FixMiner,patch1,False
Lang,57,kPAR,patch1,False
Lang,60,TBar,patch1,False
Lang,61,SimFix,patch1,False
Math,103,RSRepair,patch1,False
Math,104,AVATAR,patch1,False
Math,104,kPAR,patch1,False
Math,105,DynaMoth,patch1,False
Math,105,Nopol,patch1,False
Math,63,Cardumen,patch1,False
Math,63,FixMiner,patch1,False
Math,63,kPAR,patch1,False
Math,63,SimFix,patch1,False
Math,63,TBar,patch1,False
Math,63,alphaRepair,0,False
Math,63,alphaRepair,1,False
Math,63,alphaRepair,10,False
Math,63,alphaRepair,13,False
Math,63,alphaRepair,14,False
Math,63,alphaRepair,16,False
Math,63,alphaRepair,18,False
Math,63,alphaRepair,19,False
Math,63,alphaRepair,2,False
Math,63,alphaRepair,20,False
Math,63,alphaRepair,22,False
Math,63,alphaRepair,29,False
Math,63,alphaRepair,3,False
Math,63,alphaRepair,30,False
Math,63,alphaRepair,31,False
Math,63,alphaRepair,32,False
Math,63,alphaRepair,34,False
Math,63,alphaRepair,35,False
Math,63,alphaRepair,36,False
Math,63,alphaRepair,38,False
Math,63,alphaRepair,4,False
Math,63,alphaRepair,40,False
Math,63,alphaRepair,41,False
Math,63,alphaRepair,42,False
Math,63,alphaRepair,43,False
Math,63,alphaRepair,44,False
Math,63,alphaRepair,45,False
Math,63,alphaRepair,46,False
Math,63,alphaRepair,49,False
Math,63,alphaRepair,50,False
Math,63,alphaRepair,51,False
Math,63,alphaRepair,52,False
Math,63,alphaRepair,55,False
Math,63,alphaRepair,56,False
Math,63,alphaRepair,57,False
Math,63,alphaRepair,58,False
Math,63,alphaRepair,60,False
Math,63,alphaRepair,61,False
Math,63,alphaRepair,62,False
Math,63,alphaRepair,63,False
Math,63,alphaRepair,64,False
Math,63,alphaRepair,65,False
Math,63,alphaRepair,69,False
Math,63,alphaRepair,7,False
Math,63,alphaRepair,71,False
Math,63,alphaRepair,72,False
Math,63,alphaRepair,74,False
Math,63,alphaRepair,75,False
Math,63,alphaRepair,76,False
Math,63,alphaRepair,79,False
Math,63,alphaRepair,8,False
Math,63,alphaRepair,80,False
Math,63,alphaRepair,81,False
Math,63,alphaRepair,82,False
Math,63,alphaRepair,83,False
Math,63,alphaRepair,84,False
Math,63,alphaRepair,86,False
Math,63,alphaRepair,87,False
Math,63,alphaRepair,88,False
Math,63,alphaRepair,91,False
Math,63,alphaRepair,92,False
Math,63,alphaRepair,93,False
Math,63,alphaRepair,96,False
Math,63,coconut,1,False
Math,63,coconut,100,False
Math,63,coconut,11,False
Math,63,coconut,12,False
Math,63,coconut,14,False
Math,63,coconut,16,False
Math,63,coconut,18,False
Math,63,coconut,23,False
Math,63,coconut,26,False
Math,63,coconut,27,False
Math,63,coconut,29,False
Math,63,coconut,3,False
Math,63,coconut,35,False
Math,63,coconut,4,False
Math,63,coconut,40,False
Math,63,coconut,42,False
Math,63,coconut,43,False
Math,63,coconut,45,False
Math,63,coconut,47,False
Math,63,coconut,50,False
Math,63,coconut,52,False
Math,63,coconut,6,False
Math,63,coconut,62,False
Math,63,coconut,63,False
Math,63,coconut,72,False
Math,63,coconut,79,False
Math,63,coconut,80,False
Math,63,coconut,86,False
Math,63,coconut,87,False
Math,63,coconut,88,False
Math,63,coconut,89,False
Math,63,coconut,9,False
Math,63,coconut,91,False
Math,63,coconut,95,False
Math,63,coconut,96,False
Math,63,coconut,99,False
Math,63,cure,1,False
Math,63,cure,10,False
Math,63,cure,100,False
Math,63,cure,11,False
Math,63,cure,12,False
Math,63,cure,13,False
Math,63,cure,14,False
Math,63,cure,15,False
Math,63,cure,16,False
Math,63,cure,17,False
Math,63,cure,18,False
Math,63,cure,19,False
Math,63,cure,2,False
Math,63,cure,20,False
Math,63,cure,21,False
Math,63,cure,22,False
Math,63,cure,24,False
Math,63,cure,25,False
Math,63,cure,27,False
Math,63,cure,28,False
Math,63,cure,29,False
Math,63,cure,3,False
Math,63,cure,30,False
Math,63,cure,31,False
Math,63,cure,32,False
Math,63,cure,34,False
Math,63,cure,35,False
Math,63,cure,37,False
Math,63,cure,38,False
Math,63,cure,39,False
Math,63,cure,4,False
Math,63,cure,40,False
Math,63,cure,42,False
Math,63,cure,44,False
Math,63,cure,48,False
Math,63,cure,5,False
Math,63,cure,50,False
Math,63,cure,53,False
Math,63,cure,54,False
Math,63,cure,55,False
Math,63,cure,61,False
Math,63,cure,62,False
Math,63,cure,64,False
Math,63,cure,65,False
Math,63,cure,66,False
Math,63,cure,7,False
Math,63,cure,70,False
Math,63,cure,71,False
Math,63,cure,72,False
Math,63,cure,74,False
Math,63,cure,76,False
Math,63,cure,77,False
Math,63,cure,78,False
Math,63,cure,8,False
Math,63,cure,80,False
Math,63,cure,84,False
Math,63,cure,85,False
Math,63,cure,86,False
Math,63,cure,9,False
Math,63,cure,90,False
Math,63,cure,91,False
Math,63,cure,93,False
Math,63,cure,94,False
Math,63,cure,96,False
Math,63,cure,97,False
Math,63,cure,98,False
Math,63,cure,99,False
Math,63,recoder,0,False
Math,63,recoder,1,False
Math,63,recoder,10,False
Math,63,recoder,11,False
Math,63,recoder,12,False
Math,63,recoder,13,False
Math,63,recoder,14,False
Math,63,recoder,15,False
Math,63,recoder,16,False
Math,63,recoder,17,False
Math,63,recoder,18,False
Math,63,recoder,19,False
Math,63,recoder,2,False
Math,63,recoder,20,False
Math,63,recoder,22,False
Math,63,recoder,23,False
Math,63,recoder,24,False
Math,63,recoder,25,False
Math,63,recoder,26,False
Math,63,recoder,28,False
Math,63,recoder,29,False
Math,63,recoder,30,False
Math,63,recoder,31,False
Math,63,recoder,33,False
Math,63,recoder,34,False
Math,63,recoder,36,False
Math,63,recoder,38,False
Math,63,recoder,39,False
Math,63,recoder,4,False
Math,63,recoder,40,False
Math,63,recoder,41,False
Math,63,recoder,49,False
Math,63,recoder,5,False
Math,63,recoder,53,False
Math,63,recoder,54,False
Math,63,recoder,6,False
Math,63,recoder,63,False
Math,63,recoder,65,False
Math,63,recoder,7,False
Math,63,recoder,70,False
Math,63,recoder,71,False
Math,63,recoder,72,False
Math,63,recoder,73,False
Math,63,recoder,74,False
Math,63,recoder,8,False
Math,63,recoder,9,False
Math,63,rewardRepair,1,False
Math,63,rewardRepair,10,False
Math,63,rewardRepair,13,False
Math,63,rewardRepair,15,False
Math,63,rewardRepair,16,False
Math,63,rewardRepair,18,False
Math,63,rewardRepair,19,False
Math,63,rewardRepair,2,False
Math,63,rewardRepair,20,False
Math,63,rewardRepair,21,False
Math,63,rewardRepair,22,False
Math,63,rewardRepair,23,False
Math,63,rewardRepair,25,False
Math,63,rewardRepair,27,False
Math,63,rewardRepair,29,False
Math,63,rewardRepair,3,False
Math,63,rewardRepair,32,False
Math,63,rewardRepair,34,False
Math,63,rewardRepair,39,False
Math,63,rewardRepair,4,False
Math,63,rewardRepair,40,False
Math,63,rewardRepair,41,False
Math,63,rewardRepair,42,False
Math,63,rewardRepair,43,False
Math,63,rewardRepair,44,False
Math,63,rewardRepair,45,False
Math,63,rewardRepair,48,False
Math,63,rewardRepair,5,False
Math,63,rewardRepair,52,False
Math,63,rewardRepair,53,False
Math,63,rewardRepair,58,False
Math,63,rewardRepair,59,False
Math,63,rewardRepair,62,False
Math,63,rewardRepair,63,False
Math,63,rewardRepair,67,False
Math,63,rewardRepair,7,False
Math,63,rewardRepair,70,False
Math,63,rewardRepair,71,False
Math,63,rewardRepair,73,False
Math,63,rewardRepair,75,False
Math,63,rewardRepair,77,False
Math,63,rewardRepair,78,False
Math,63,rewardRepair,80,False
Math,63,rewardRepair,9,False
Math,63,rewardRepair,90,False
Math,63,rewardRepair,91,False
Math,63,rewardRepair,96,False
Math,63,rewardRepair,98,False
Math,63,selfapr,1,False
Math,63,selfapr,11,False
Math,63,selfapr,12,False
Math,63,selfapr,13,False
Math,63,selfapr,14,False
Math,63,selfapr,15,False
Math,63,selfapr,16,False
Math,63,selfapr,17,False
Math,63,selfapr,18,False
Math,63,selfapr,19,False
Math,63,selfapr,2,False
Math,63,selfapr,21,False
Math,63,selfapr,22,False
Math,63,selfapr,23,False
Math,63,selfapr,24,False
Math,63,selfapr,25,False
Math,63,selfapr,26,False
Math,63,selfapr,27,False
Math,63,selfapr,28,False
Math,63,selfapr,29,False
Math,63,selfapr,3,False
Math,63,selfapr,30,False
Math,63,selfapr,31,False
Math,63,selfapr,32,False
Math,63,selfapr,33,False
Math,63,selfapr,34,False
Math,63,selfapr,35,False
Math,63,selfapr,36,False
Math,63,selfapr,37,False
Math,63,selfapr,38,False
Math,63,selfapr,39,False
Math,63,selfapr,4,False
Math,63,selfapr,41,False
Math,63,selfapr,42,False
Math,63,selfapr,43,False
Math,63,selfapr,45,False
Math,63,selfapr,46,False
Math,63,selfapr,47,False
Math,63,selfapr,48,False
Math,63,selfapr,49,False
Math,63,selfapr,5,False
Math,63,selfapr,51,False
Math,63,selfapr,52,False
Math,63,selfapr,53,False
Math,63,selfapr,54,False
Math,63,selfapr,55,False
Math,63,selfapr,57,False
Math,63,selfapr,58,False
Math,63,selfapr,59,False
Math,63,selfapr,6,False
Math,63,selfapr,61,False
Math,63,selfapr,62,False
Math,63,selfapr,63,False
Math,63,selfapr,64,False
Math,63,selfapr,65,False
Math,63,selfapr,66,False
Math,63,selfapr,67,False
Math,63,selfapr,68,False
Math,63,selfapr,69,False
Math,63,selfapr,7,False
Math,63,selfapr,71,False
Math,63,selfapr,72,False
Math,63,selfapr,73,False
Math,63,selfapr,75,False
Math,63,selfapr,76,False
Math,63,selfapr,77,False
Math,63,selfapr,78,False
Math,63,selfapr,79,False
Math,63,selfapr,8,False
Math,63,selfapr,81,False
Math,63,selfapr,83,False
Math,63,selfapr,84,False
Math,63,selfapr,85,False
Math,63,selfapr,86,False
Math,63,selfapr,87,False
Math,63,selfapr,9,False
Math,63,selfapr,90,False
Math,63,selfapr,91,False
Math,63,selfapr,92,False
Math,63,selfapr,93,False
Math,63,selfapr,95,False
Math,63,selfapr,96,False
Math,63,selfapr,97,False
Math,63,sequencer,1,False
Math,63,sequencer,11,False
Math,63,sequencer,12,False
Math,63,sequencer,13,False
Math,63,sequencer,14,False
Math,63,sequencer,15,False
Math,63,sequencer,17,False
Math,63,sequencer,18,False
Math,63,sequencer,19,False
Math,63,sequencer,2,False
Math,63,sequencer,20,False
Math,63,sequencer,22,False
Math,63,sequencer,23,False
Math,63,sequencer,25,False
Math,63,sequencer,26,False
Math,63,sequencer,27,False
Math,63,sequencer,29,False
Math,63,sequencer,3,False
Math,63,sequencer,30,False
Math,63,sequencer,31,False
Math,63,sequencer,33,False
Math,63,sequencer,34,False
Math,63,sequencer,35,False
Math,63,sequencer,38,False
Math,63,sequencer,4,False
Math,63,sequencer,44,False
Math,63,sequencer,47,False
Math,63,sequencer,5,False
Math,63,sequencer,6,False
Math,63,sequencer,62,False
Math,63,sequencer,65,False
Math,63,sequencer,67,False
Math,63,sequencer,69,False
Math,63,sequencer,73,False
Math,63,sequencer,79,False
Math,63,sequencer,8,False
Math,63,sequencer,85,False
Math,63,sequencer,87,False
Math,63,simfix,1,False
Math,63,simfix,14,False
Math,63,simfix,16,False
Math,63,simfix,24,False
Math,63,simfix,3,False
Math,63,simfix,5,False
Math,63,simfix,6,False
Math,63,tbar,100,False
Math,63,tbar,101,False
Math,63,tbar,102,False
Math,63,tbar,16,False
Math,63,tbar,17,False
Math,63,tbar,18,False
Math,63,tbar,19,False
Math,63,tbar,20,False
Math,63,tbar,21,False
Math,63,tbar,22,False
Math,63,tbar,23,False
Math,63,tbar,24,False
Math,63,tbar,25,False
Math,63,tbar,26,False
Math,63,tbar,27,False
Math,63,tbar,32,False
Math,63,tbar,33,False
Math,63,tbar,34,False
Math,63,tbar,35,False
Math,63,tbar,36,False
Math,63,tbar,37,False
Math,63,tbar,38,False
Math,63,tbar,39,False
Math,63,tbar,40,False
Math,63,tbar,41,False
Math,63,tbar,42,False
Math,63,tbar,43,False
Math,63,tbar,44,False
Math,63,tbar,45,False
Math,63,tbar,46,False
Math,63,tbar,47,False
Math,63,tbar,48,False
Math,63,tbar,49,False
Math,63,tbar,50,False
Math,63,tbar,51,False
Math,63,tbar,52,False
Math,63,tbar,53,False
Math,63,tbar,54,False
Math,63,tbar,55,False
Math,63,tbar,56,False
Math,63,tbar,57,False
Math,63,tbar,58,False
Math,63,tbar,59,False
Math,63,tbar,60,False
Math,63,tbar,61,False
Math,63,tbar,62,False
Math,63,tbar,63,False
Math,63,tbar,64,False
Math,63,tbar,65,False
Math,63,tbar,66,False
Math,63,tbar,67,False
Math,63,tbar,68,False
Math,63,tbar,69,False
Math,63,tbar,70,False
Math,63,tbar,71,False
Math,63,tbar,72,False
Math,63,tbar,73,False
Math,63,tbar,74,False
Math,63,tbar,75,False
Math,63,tbar,76,False
Math,63,tbar,77,False
Math,63,tbar,78,False
Math,63,tbar,79,False
Math,63,tbar,80,False
Math,63,tbar,81,False
Math,63,tbar,82,False
Math,63,tbar,83,False
Math,63,tbar,84,False
Math,63,tbar,85,False
Math,63,tbar,86,False
Math,63,tbar,87,False
Math,63,tbar,88,False
Math,63,tbar,89,False
Math,63,tbar,90,False
Math,63,tbar,91,False
Math,63,tbar,92,False
Math,63,tbar,93,False
Math,63,tbar,94,False
Math,63,tbar,95,False
Math,63,tbar,96,False
Math,63,tbar,97,False
Math,63,tbar,98,False
Math,63,tbar,99,False
Math,93,ACS,patch1,False
Math,96,TBar,patch1,False
Math,97,ACS,patch1,False
